lottery,game,draw_date,winning,machine
ghana,ASEDA,2023-01-08,03-31-22-25-77,56-11-87-53-29
ghana,ASEDA,2023-01-15,32-85-29-75-79,11-86-02-17-57
ghana,ASEDA,2023-01-22,28-11-44-09-48,83-10-29-03-02
ghana,ASEDA,2023-01-29,64-39-66-21-24,86-78-40-29-67
ghana,ASEDA,2023-02-05,11-21-12-79-59,57-26-81-40-43
ghana,ASEDA,2023-02-12,01-18-36-09-51,27-55-30-46-40
ghana,ASEDA,2023-02-19,31-49-57-81-87,28-77-53-68-52
ghana,ASEDA,2023-02-26,14-48-57-83-62,87-25-46-22-53
ghana,ASEDA,2023-03-05,13-79-64-62-41,45-50-49-36-88
ghana,ASEDA,2023-03-12,26-64-35-60-57,43-71-61-67-33
ghana,ASEDA,2023-03-19,04-43-30-10-02,11-82-85-70-75
ghana,ASEDA,2023-03-26,35-61-43-44-85,56-68-33-41-42
ghana,ASEDA,2023-04-02,57-42-62-69-50,03-65-21-37-90
ghana,ASEDA,2023-04-16,88-12-14-03-26,11-55-32-05-68
ghana,ASEDA,2023-04-23,56-84-83-21-02,11-59-51-23-58
ghana,ASEDA,2023-04-30,31-51-72-87-53,63-35-82-04-61
ghana,ASEDA,2023-05-07,76-31-05-86-06,69-57-46-19-14
ghana,ASEDA,2023-05-14,59-45-37-08-57,75-34-90-86-03
ghana,ASEDA,2023-05-21,09-04-25-71-48,56-02-33-21-52
ghana,ASEDA,2023-05-28,85-66-41-33-31,36-80-65-38-89
ghana,ASEDA,2023-06-04,29-68-30-48-84,69-08-59-46-45
ghana,ASEDA,2023-06-11,02-62-31-67-78,30-26-22-05-08
ghana,ASEDA,2023-06-18,39-24-21-51-05,09-30-01-37-42
ghana,ASEDA,2023-06-25,61-89-16-46-71,19-03-28-01-33
ghana,ASEDA,2023-07-02,08-04-89-61-01,71-05-09-31-10
ghana,ASEDA,2023-07-09,87-18-45-50-67,39-64-83-53-41
ghana,ASEDA,2023-07-16,17-63-70-46-12,74-52-88-55-64
ghana,ASEDA,2023-07-23,01-32-34-27-64,84-65-62-37-24
ghana,ASEDA,2023-07-30,49-60-66-30-84,35-77-42-64-73
ghana,ASEDA,2023-08-06,25-71-28-90-06,09-13-01-60-79
ghana,ASEDA,2023-08-13,71-69-89-15-75,56-78-52-74-44
ghana,ASEDA,2023-08-20,33-14-13-66-04,24-05-23-01-65
ghana,ASEDA,2023-08-27,14-53-79-65-23,15-89-85-08-01
ghana,ASEDA,2023-09-03,77-39-86-67-04,88-05-27-22-72
ghana,ASEDA,2023-09-10,81-07-17-67-09,86-05-35-59-39
ghana,ASEDA,2023-09-17,59-06-62-79-34,51-14-17-72-66
ghana,ASEDA,2023-09-24,06-65-03-53-43,47-45-59-23-42
ghana,ASEDA,2023-10-01,79-46-40-62-68,60-64-33-63-31
ghana,ASEDA,2023-10-08,63-17-37-48-19,10-67-09-66-08
ghana,ASEDA,2023-10-15,09-62-47-02-05,21-80-54-19-11
ghana,ASEDA,2023-10-22,65-05-01-35-30,31-04-20-36-81
ghana,ASEDA,2023-10-29,67-37-43-62-07,50-01-75-44-02
ghana,ASEDA,2023-11-05,40-34-08-20-84,72-71-03-58-73
ghana,ASEDA,2023-11-12,27-24-64-82-68,23-17-32-16-79
ghana,ASEDA,2023-11-19,29-31-71-62-73,69-80-53-74-57
ghana,ASEDA,2023-11-26,15-23-79-20-60,64-02-84-66-31
ghana,ASEDA,2023-12-03,26-67-87-83-86,89-15-08-77-11
ghana,ASEDA,2023-12-10,81-33-06-44-26,53-45-89-14-67
ghana,ASEDA,2023-12-17,11-02-83-33-31,88-74-58-52-81
ghana,ASEDA,2023-12-24,59-38-87-41-89,23-35-83-34-22
ghana,ASEDA,2023-12-31,17-89-70-33-61,44-04-81-63-55
ghana,ASEDA,2024-01-07,29-55-10-15-67,12-42-85-32-09
ghana,ASEDA,2024-01-14,50-43-59-12-04,63-82-33-56-41
ghana,ASEDA,2024-01-21,79-71-11-28-36,57-90-50-15-02
ghana,ASEDA,2024-01-28,59-17-83-28-42,50-79-75-05-77
ghana,ASEDA,2024-02-04,60-10-29-42-21,83-49-15-19-24
ghana,ASEDA,2024-02-11,38-75-44-07-48,64-57-43-17-30
ghana,ASEDA,2024-02-18,44-47-31-03-05,73-78-64-58-36
ghana,ASEDA,2024-02-25,81-34-39-69-26,21-66-55-22-02
ghana,ASEDA,2024-03-03,01-38-81-25-75,36-70-17-04-58
ghana,ASEDA,2024-03-10,89-72-01-04-87,49-82-06-86-60
ghana,ASEDA,2024-03-17,45-80-21-66-81,05-54-72-28-89
ghana,ASEDA,2024-03-24,21-09-20-44-16,08-62-38-35-13
ghana,ASEDA,2024-04-07,81-51-74-32-87,38-57-55-30-77
ghana,ASEDA,2024-04-14,13-80-69-18-87,62-50-33-06-43
ghana,ASEDA,2024-04-21,01-89-54-02-27,18-59-68-30-41
ghana,ASEDA,2024-04-28,20-67-51-09-02,15-37-87-83-73
ghana,ASEDA,2024-05-05,29-72-85-30-02,63-21-11-74-66
ghana,ASEDA,2024-05-12,58-13-74-43-18,10-41-39-69-68
ghana,National,2024-05-18,77-05-45-82-27,33-10-48-44-16
ghana,ASEDA,2024-05-19,75-08-40-35-89,43-15-64-38-85
ghana,National,2024-05-25,72-51-43-40-26,31-67-62-13-64
ghana,ASEDA,2024-05-26,68-48-76-33-15,56-82-04-69-39
ghana,National,2024-06-01,45-38-08-90-12,42-83-24-29-09
ghana,ASEDA,2024-06-02,41-35-82-43-13,56-31-83-77-23
ghana,National,2024-06-08,10-01-09-77-75,13-46-90-18-72
ghana,ASEDA,2024-06-09,53-69-81-63-26,70-77-29-75-06
ghana,National,2024-06-15,45-86-63-04-34,71-33-53-20-89
ghana,ASEDA,2024-06-16,87-15-27-50-48,20-62-60-80-72
ghana,National,2024-06-22,72-60-03-85-25,41-14-42-88-86
ghana,ASEDA,2024-06-23,62-19-31-82-88,13-29-16-60-79
ghana,National,2024-06-29,27-42-78-83-89,46-84-14-58-54
ghana,ASEDA,2024-06-30,01-66-10-57-64,83-18-17-32-67
ghana,National,2024-07-06,13-33-46-22-90,68-07-64-35-77
ghana,ASEDA,2024-07-07,52-27-42-60-53,04-15-01-89-28
ghana,National,2024-07-13,77-19-70-57-13,53-02-43-51-12
ghana,ASEDA,2024-07-14,66-46-08-69-04,45-86-42-01-58
ghana,National,2024-07-20,73-61-38-63-25,14-43-10-55-84
ghana,ASEDA,2024-07-21,32-23-78-82-66,81-87-65-44-55
ghana,National,2024-07-27,33-77-49-71-30,66-67-19-34-52
ghana,ASEDA,2024-07-28,86-73-57-23-22,34-35-31-54-13
ghana,National,2024-08-03,79-35-16-49-26,42-02-25-80-08
ghana,ASEDA,2024-08-04,34-73-13-85-21,31-23-61-46-81
ghana,National,2024-08-10,79-19-58-16-09,44-59-51-61-48
ghana,ASEDA,2024-08-11,68-83-07-60-46,35-55-34-37-56
ghana,National,2024-08-17,51-07-30-63-82,48-08-61-88-57
ghana,ASEDA,2024-08-18,10-90-27-49-65,31-74-63-23-28
ghana,National,2024-08-24,38-05-63-19-34,47-72-66-62-04
ghana,ASEDA,2024-08-25,33-71-35-10-90,65-55-47-01-40
ghana,National,2024-08-31,17-23-22-64-10,66-12-29-82-49
ghana,ASEDA,2024-09-01,22-52-13-87-90,45-72-07-70-74
ghana,National,2024-09-07,31-52-20-85-12,47-32-38-02-18
ghana,ASEDA,2024-09-08,08-90-23-28-73,42-67-20-44-80
ghana,National,2024-09-14,59-47-53-48-06,23-33-85-54-37
ghana,ASEDA,2024-09-15,75-78-51-81-31,74-10-77-89-36
ghana,National,2024-09-21,09-80-01-60-48,52-15-57-37-88
ghana,ASEDA,2024-09-22,77-32-47-72-43,80-49-03-46-11
ghana,National,2024-09-28,78-39-15-34-09,66-77-47-88-41
ghana,ASEDA,2024-09-29,44-31-55-25-15,36-54-64-71-75
ghana,National,2024-10-05,15-52-17-89-67,78-25-59-21-83
ghana,ASEDA,2024-10-06,82-19-74-60-12,34-18-40-26-89
ghana,National,2024-10-12,77-46-68-32-07,05-37-89-10-36
ghana,ASEDA,2024-10-13,61-07-14-02-34,03-72-35-23-56
ghana,National,2024-10-19,31-87-50-62-36,18-68-82-48-42
ghana,ASEDA,2024-10-20,23-70-44-13-46,20-82-28-36-66
ghana,National,2024-10-26,67-14-15-03-57,83-85-69-71-52
ghana,ASEDA,2024-10-27,72-53-70-26-43,18-59-50-19-66
ghana,National,2024-11-02,46-85-87-35-55,84-12-40-27-10
ghana,ASEDA,2024-11-03,20-69-42-61-40,54-74-62-63-35
ghana,National,2024-11-09,20-18-14-41-66,02-28-47-70-01
ghana,ASEDA,2024-11-10,44-37-09-04-03,34-35-11-75-85
ghana,National,2024-11-16,33-25-74-61-44,50-87-10-84-69
ghana,ASEDA,2024-11-17,58-78-56-35-52,26-08-30-22-45
ghana,National,2024-11-23,74-79-43-17-83,07-21-53-40-56
ghana,ASEDA,2024-11-24,82-48-70-04-14,24-76-07-05-68
ghana,National,2024-11-30,17-37-49-78-35,56-45-10-39-63
ghana,ASEDA,2024-12-01,41-79-52-56-55,23-39-04-87-83
ghana,ASEDA,2024-12-08,77-28-67-56-36,80-03-40-50-46
ghana,National,2024-12-08,89-42-31-77-24,32-68-69-56-48
ghana,National,2024-12-14,89-03-49-39-50,60-66-71-42-07
ghana,ASEDA,2024-12-15,54-26-10-15-82,30-01-43-38-22
ghana,National,2024-12-21,73-18-44-23-37,85-89-68-17-72
ghana,ASEDA,2024-12-22,44-39-51-90-63,81-70-86-37-38
ghana,National,2024-12-28,27-43-62-73-77,15-33-01-82-69
ghana,ASEDA,2024-12-29,70-90-51-33-30,19-50-66-28-24
ghana,National,2025-01-04,75-30-55-64-23,52-47-82-73-80
ghana,ASEDA,2025-01-05,30-12-10-59-34,61-20-13-52-06
ghana,National,2025-01-11,01-87-63-32-23,65-77-34-90-73
ghana,ASEDA,2025-01-12,46-31-65-67-28,51-24-11-83-12
ghana,National,2025-01-18,85-45-69-75-61,48-29-73-66-10
ghana,ASEDA,2025-01-19,77-52-14-24-57,18-83-66-53-38
ghana,National,2025-01-25,18-81-69-60-05,64-84-24-50-22
ghana,ASEDA,2025-01-26,73-45-10-70-15,61-34-81-84-67
ghana,National,2025-02-01,68-63-21-36-12,70-38-57-49-34
ghana,ASEDA,2025-02-02,09-86-27-57-40,38-19-07-63-45
ghana,National,2025-02-08,22-90-85-26-79,74-63-80-64-04
ghana,ASEDA,2025-02-09,20-77-57-72-16,38-53-46-01-76
ghana,National,2025-02-15,78-05-19-28-43,51-38-40-35-41
ghana,ASEDA,2025-02-16,87-36-89-14-42,22-61-71-11-31
ghana,National,2025-02-22,08-40-18-16-27,59-01-48-23-86
ghana,ASEDA,2025-02-23,81-76-68-24-13,33-89-30-21-90
ghana,National,2025-03-01,01-18-55-61-34,80-26-82-75-35
ghana,ASEDA,2025-03-02,42-22-06-78-83,28-05-37-04-86
ghana,National,2025-03-08,76-25-83-47-63,52-40-06-90-14
ghana,ASEDA,2025-03-09,04-44-12-86-19,05-27-36-52-88
ghana,National,2025-03-15,09-29-28-07-67,49-26-18-43-68
ghana,ASEDA,2025-03-16,31-70-32-77-75,65-61-25-06-49
ghana,National,2025-03-22,26-28-23-75-85,77-69-31-72-48
ghana,ASEDA,2025-03-23,58-18-03-83-80,09-06-54-46-42
ghana,National,2025-03-29,14-37-05-90-65,03-83-59-76-66
ghana,ASEDA,2025-03-30,15-73-16-86-77,09-85-31-55-81
ghana,National,2025-04-05,16-56-39-44-50,47-71-84-26-43
ghana,ASEDA,2025-04-06,34-15-82-89-14,65-78-61-32-16
ghana,National,2025-04-12,85-81-49-61-47,44-27-65-78-02
ghana,ASEDA,2025-04-13,85-78-25-87-35,58-55-80-84-40
ghana,National,2025-04-19,44-27-48-85-90,88-89-66-09-67
ghana,ASEDA,2025-04-20,07-63-80-90-41,14-15-44-39-87
ghana,National,2025-04-26,50-14-18-57-67,44-60-62-29-63
ghana,ASEDA,2025-04-27,82-41-72-71-32,46-63-89-58-53
ghana,National,2025-05-03,24-35-49-27-33,63-43-90-47-48
ghana,ASEDA,2025-05-04,83-12-15-65-27,20-06-30-52-66
ghana,National,2025-05-10,58-53-57-41-46,43-66-23-63-34
ghana,ASEDA,2025-05-11,38-03-74-29-37,28-79-65-24-78
ghana,National,2025-05-17,02-56-20-23-19,68-52-79-76-40
ghana,ASEDA,2025-05-18,18-15-69-01-22,51-10-26-21-64
ghana,National,2025-05-24,74-69-14-47-18,24-05-35-72-63
ghana,ASEDA,2025-05-25,77-03-45-53-31,46-90-85-52-40
ghana,National,2025-05-31,08-20-52-42-43,88-57-53-73-85
ghana,ASEDA,2025-06-01,61-18-48-66-76,53-55-39-87-13
ghana,National,2025-06-07,60-72-15-38-53,03-87-02-86-61
ghana,ASEDA,2025-06-08,84-37-41-86-48,88-89-34-13-19
ghana,National,2025-06-14,61-01-51-69-30,39-19-82-03-60
ghana,ASEDA,2025-06-15,85-43-34-65-18,02-28-12-42-06
ghana,National,2025-06-21,57-09-41-01-48,79-62-24-33-34
ghana,ASEDA,2025-06-22,74-56-67-63-81,32-30-55-42-38
ghana,National,2025-06-28,65-10-27-37-86,64-89-21-08-39
ghana,ASEDA,2025-06-29,59-25-23-04-50,07-39-17-58-87
ghana,National,2025-07-05,11-60-43-28-06,66-03-90-48-26
ghana,ASEDA,2025-07-06,58-75-88-68-85,36-15-45-76-03
ghana,National,2025-07-12,85-81-70-64-62,10-05-61-48-02
ghana,ASEDA,2025-07-13,02-56-33-32-85,83-58-46-31-06
ghana,National,2025-07-19,59-14-80-31-67,03-32-19-74-46
ghana,ASEDA,2025-07-20,31-80-04-09-70,01-24-18-05-68
ghana,National,2025-07-26,53-88-56-10-43,51-21-87-66-03
ghana,ASEDA,2025-07-27,58-04-48-12-82,88-72-13-21-86
ghana,National,2025-08-02,16-32-60-73-23,35-83-53-06-86
ghana,ASEDA,2025-08-03,77-52-27-87-71,86-42-64-09-85
ghana,National,2025-08-09,08-57-63-58-87,02-40-80-70-72
ghana,ASEDA,2025-08-10,47-15-30-69-42,09-67-18-05-27
ghana,National,2025-08-16,08-14-72-21-15,70-69-74-71-32
ghana,ASEDA,2025-08-17,53-55-87-33-06,27-74-57-23-26
ghana,National,2025-08-23,06-02-03-73-47,39-70-64-27-58
ghana,ASEDA,2025-08-24,71-51-36-84-10,67-28-59-90-37
ghana,National,2025-08-30,61-17-65-54-59,33-04-83-45-26
ghana,ASEDA,2025-08-31,57-88-74-46-40,03-02-11-31-26
ghana,National,2025-09-06,89-58-45-31-19,81-54-02-57-35
ghana,ASEDA,2025-09-07,02-17-12-10-18,73-86-65-01-42
ghana,National,2025-09-13,47-57-79-17-34,16-51-81-09-56
ghana,ASEDA,2025-09-14,36-12-64-14-79,25-52-61-80-08
ghana,National,2025-09-20,15-36-41-25-07,22-10-04-66-79
ghana,ASEDA,2025-09-21,73-13-59-83-74,32-07-06-67-86
ghana,National,2025-09-27,38-34-63-43-86,67-49-16-48-47
ghana,ASEDA,2025-09-28,15-34-78-09-89,63-76-71-80-21
ghana,National,2025-10-04,79-69-28-48-33,77-52-67-45-09
ghana,ASEDA,2025-10-05,05-80-04-31-72,17-85-14-25-61
ghana,National,2025-10-11,53-29-67-61-19,25-64-33-56-07
ghana,ASEDA,2025-10-12,28-87-08-41-37,78-29-06-15-61
ghana,National,2025-10-18,34-56-87-90-35,01-73-53-55-54
ghana,ASEDA,2025-10-19,33-80-34-77-57,25-31-78-67-41
ghana,National,2025-10-25,24-16-29-69-14,83-82-48-62-33
ghana,ASEDA,2025-10-26,62-28-02-52-73,61-04-12-85-60
ghana,National,2025-11-01,29-12-04-42-20,54-64-32-52-45
ghana,ASEDA,2025-11-02,71-89-32-62-70,29-69-57-72-76
ghana,National,2025-11-08,17-42-11-75-89,64-35-15-08-71
ghana,ASEDA,2025-11-09,07-44-20-78-41,69-57-22-74-34
ghana,National,2025-11-15,65-33-09-73-32,16-85-40-01-50
ghana,ASEDA,2025-11-16,53-68-13-63-81,88-31-32-49-04
ghana,National,2025-11-22,66-04-61-42-86,17-18-30-38-68
ghana,ASEDA,2025-11-23,43-60-36-44-87,09-51-16-79-69
ghana,National,2025-11-29,67-60-56-55-58,66-11-84-40-30
ghana,ASEDA,2025-11-30,62-10-72-03-41,33-73-86-88-77
ghana,National,2025-12-06,48-43-76-34-30,03-20-10-13-22
ghana,ASEDA,2025-12-07,60-36-11-86-20,49-32-79-56-74
ghana,National,2025-12-13,07-64-65-83-19,44-66-03-89-05
ghana,ASEDA,2025-12-14,81-63-05-55-20,13-31-01-32-46
ghana,National,2025-12-20,57-61-80-72-83,59-14-44-63-28
ghana,ASEDA,2025-12-21,36-34-22-88-38,30-71-19-63-17
ghana,National,2025-12-27,12-03-65-04-29,33-69-85-68-90
ghana,ASEDA,2025-12-28,59-90-35-18-66,02-17-38-43-56
ghana,National,2026-01-03,10-38-37-25-27,89-29-03-63-20
ghana,ASEDA,2026-01-04,48-88-21-50-45,19-73-57-80-75
ghana,National,2026-01-10,74-44-58-16-42,70-57-40-43-19
ghana,ASEDA,2026-01-11,59-66-22-01-82,74-09-75-32-27
ghana,National,2026-01-17,42-81-27-37-23,67-89-68-30-39
ghana,ASEDA,2026-01-18,33-10-39-53-34,35-01-12-86-90
ghana,National,2026-01-24,44-78-52-57-07,71-09-77-03-33
ghana,ASEDA,2026-01-25,76-18-05-70-33,77-40-53-37-22
ghana,National,2026-01-31,06-39-71-48-70,46-25-19-03-84
ghana,ASEDA,2026-02-01,87-56-78-40-01,82-44-25-73-76
ghana,National,2026-02-07,47-55-31-25-48,17-70-46-53-67
ghana,ASEDA,2026-02-08,69-77-21-40-31,39-34-28-48-05
ghana,National,2026-02-14,13-16-15-11-71,32-48-34-53-89
ghana,ASEDA,2026-02-15,70-40-55-10-51,85-87-27-90-34
ghana,National,2026-02-21,05-14-29-56-51,82-53-80-06-70
ghana,ASEDA,2026-02-22,68-67-19-12-80,21-38-34-30-08
ghana,National,2026-02-28,90-73-53-84-77,11-34-86-01-65
ghana,ASEDA,2026-03-01,85-26-27-02-20,08-64-13-10-45
ghana,National,2026-03-07,50-09-33-34-25,57-88-51-47-39
ghana,ASEDA,2026-03-08,88-47-06-27-05,22-32-85-43-45
ghana,National,2026-03-14,01-42-12-20-64,46-44-38-50-47
ghana,ASEDA,2026-03-15,81-17-12-69-01,02-32-25-48-62
ghana,National,2026-03-21,09-75-08-86-24,70-29-22-83-45
ghana,ASEDA,2026-03-22,24-40-87-66-15,45-67-43-60-52
ghana,National,2026-03-28,32-66-17-47-24,77-46-48-82-50
ghana,ASEDA,2026-03-29,10-84-32-62-02,47-78-31-25-76
ghana,National,2026-04-04,82-16-44-50-47,63-02-56-23-59
ghana,ASEDA,2026-04-05,54-16-67-30-31,24-37-89-63-48
ghana,National,2026-04-11,13-67-71-72-63,39-43-17-47-10
ghana,ASEDA,2026-04-12,57-03-75-38-63,55-40-26-37-42
ghana,National,2026-04-18,71-72-60-41-79,48-40-73-64-58
ghana,ASEDA,2026-04-19,25-17-79-71-48,90-64-59-80-12
ghana,National,2026-04-25,39-01-30-80-48,89-74-10-50-49
ghana,ASEDA,2026-04-26,36-89-47-41-08,25-88-44-16-40
ghana,National,2026-05-02,84-10-43-05-13,21-85-70-15-75
ghana,ASEDA,2026-05-03,22-26-46-48-13,03-08-30-14-07
ghana,National,2026-05-09,80-74-56-10-03,66-32-34-77-35
ghana,ASEDA,2026-05-10,16-79-63-54-73,38-44-85-03-83
ghana,National,2026-05-16,21-84-02-62-83,59-27-43-35-75
ghana,ASEDA,2026-05-17,28-83-30-45-26,68-06-21-81-53
ghana,National,2026-05-23,86-24-14-19-40,48-76-73-81-20
ghana,ASEDA,2026-05-24,88-76-10-54-43,15-82-61-68-46
ghana,National,2026-05-30,81-64-15-74-88,23-24-61-77-51
ghana,ASEDA,2026-05-31,76-67-10-41-51,54-07-49-59-81
ghana,National,2026-06-06,27-77-16-82-51,79-66-03-71-45
ghana,ASEDA,2026-06-07,67-56-57-53-74,87-88-10-58-62
ghana,National,2026-06-13,37-22-61-74-69,90-57-46-44-11
ghana,ASEDA,2026-06-14,16-47-46-29-07,71-45-30-43-15
ghana,National,2026-06-20,21-41-80-81-66,87-39-61-52-69
ghana,ASEDA,2026-06-21,01-67-10-17-41,34-89-66-86-79
ghana,National,2026-06-27,39-29-08-23-22,71-53-74-78-44
ghana,ASEDA,2026-06-28,45-11-34-82-26,78-72-18-43-80
ghana,National,2026-07-04,28-82-06-64-05,15-87-69-76-29
ghana,ASEDA,2026-07-05,53-60-66-84-83,07-34-69-19-58
ghana,National,2026-07-11,48-90-61-45-06,30-05-82-69-14
ghana,ASEDA,2026-07-12,05-21-85-87-47,61-84-72-46-68
ghana,National,2026-07-18,59-77-76-47-23,28-90-48-61-05
ghana,ASEDA,2026-07-19,78-90-08-89-88,27-07-20-41-17
ghana,National,2026-07-25,33-65-72-13-01,87-56-62-29-37
ghana,ASEDA,2026-07-26,03-68-10-46-30,41-25-59-37-77
ghana,National,2026-08-01,63-12-34-41-82,39-56-40-85-30
ghana,ASEDA,2026-08-02,17-75-59-28-16,84-62-36-67-19
ghana,National,2026-08-08,26-57-18-53-21,13-45-40-81-05
ghana,ASEDA,2026-08-09,46-28-40-04-42,20-11-57-34-61
ghana,National,2026-08-15,29-84-70-49-17,48-86-39-76-02
ghana,ASEDA,2026-08-16,71-84-82-80-39,53-23-74-44-68
ghana,National,2026-08-22,31-18-89-49-40,65-42-83-11-45
ghana,ASEDA,2026-08-23,25-67-60-76-50,15-40-72-54-83
ghana,National,2026-08-29,52-53-12-01-17,03-57-30-67-68
ghana,ASEDA,2026-08-30,76-38-44-55-12,35-75-33-67-45
ghana,National,2026-09-05,06-15-18-05-22,68-64-27-31-72
ghana,Monday Special,2024-09-09,13-69-76-67-43,90-40-56-53-47
ghana,Monday Special,2024-09-16,90-40-59-18-38,27-01-78-56-53
ghana,Monday Special,2024-09-23,63-31-48-38-78,79-58-42-33-83
ghana,Monday Special,2024-09-30,86-21-43-08-49,59-04-33-63-13
ghana,Monday Special,2024-10-07,03-54-59-01-26,52-05-40-31-35
ghana,Monday Special,2024-10-14,86-24-31-41-06,47-29-45-42-73
ghana,Monday Special,2024-10-21,10-68-06-73-38,42-12-66-59-43
ghana,Monday Special,2024-10-28,03-25-54-33-38,48-50-11-59-46
ghana,Monday Special,2024-11-04,04-31-36-28-84,79-49-30-43-09
ghana,Monday Special,2024-11-11,74-48-79-69-27,63-39-75-41-30
ghana,Monday Special,2024-11-18,79-73-31-08-77,90-22-18-48-25
ghana,Monday Special,2024-11-25,60-06-45-11-70,44-16-56-37-39
ghana,Monday Special,2024-12-02,72-74-42-37-11,26-07-83-59-70
ghana,Monday Special,2024-12-09,07-18-86-40-21,06-81-76-36-71
ghana,Monday Special,2024-12-16,38-16-46-09-57,40-41-78-71-05
ghana,Monday Special,2024-12-23,24-22-77-53-83,81-75-52-76-17
ghana,Monday Special,2024-12-30,75-40-58-89-35,36-84-88-45-53
ghana,Monday Special,2025-01-06,02-76-74-55-03,43-80-24-67-79
ghana,Monday Special,2025-01-13,20-69-87-18-13,46-80-10-55-35
ghana,Monday Special,2025-01-20,44-42-25-63-36,26-58-21-60-24
ghana,Monday Special,2025-01-27,22-72-28-82-76,63-35-37-20-08
ghana,Monday Special,2025-02-03,60-51-69-14-81,04-09-49-50-37
ghana,Monday Special,2025-02-10,49-81-04-31-05,59-54-84-20-68
ghana,Monday Special,2025-02-17,58-66-54-15-65,84-52-28-87-79
ghana,Monday Special,2025-02-24,06-89-19-68-43,38-39-41-02-33
ghana,Monday Special,2025-03-03,23-66-20-27-60,65-53-36-29-42
ghana,Monday Special,2025-03-10,78-67-68-54-40,24-64-50-72-02
ghana,Monday Special,2025-03-17,43-15-16-68-44,22-18-87-74-29
ghana,Monday Special,2025-03-24,36-37-21-12-50,90-07-64-42-74
ghana,Monday Special,2025-04-07,42-03-28-66-36,18-35-71-72-02
ghana,Monday Special,2025-04-14,49-47-81-06-17,65-62-38-23-67
ghana,Monday Special,2025-04-21,47-56-83-70-02,65-31-79-40-37
ghana,Monday Special,2025-04-28,04-18-35-72-32,45-90-26-39-41
ghana,Monday Special,2025-05-05,17-72-65-55-35,24-68-29-36-64
ghana,Monday Special,2025-05-12,87-50-74-23-54,52-84-40-14-64
ghana,Monday Special,2025-05-19,85-84-12-39-81,36-69-60-72-48
ghana,Monday Special,2025-05-26,63-05-87-75-48,43-53-60-32-21
ghana,Monday Special,2025-06-02,71-23-01-82-54,64-49-65-38-45
ghana,Monday Special,2025-06-09,61-60-17-08-75,03-76-57-68-44
ghana,Monday Special,2025-06-16,55-28-11-06-47,39-79-80-87-02
ghana,Monday Special,2025-06-23,53-29-22-75-82,71-59-39-04-78
ghana,Monday Special,2025-06-30,37-52-33-13-53,90-72-61-28-48
ghana,Monday Special,2025-07-07,40-04-36-66-29,38-50-02-77-31
ghana,Monday Special,2025-07-14,52-47-62-46-16,65-72-31-21-54
ghana,Monday Special,2025-07-21,16-38-66-77-72,04-39-81-34-14
ghana,Monday Special,2025-07-28,50-31-73-33-06,68-70-30-65-84
ghana,Monday Special,2025-08-04,12-52-73-79-71,63-53-39-90-06
ghana,Monday Special,2025-08-11,04-70-22-34-90,18-40-89-78-09
ghana,Monday Special,2025-08-18,27-16-89-77-14,29-43-90-80-81
ghana,Monday Special,2025-08-25,02-01-61-63-85,88-05-77-37-45
ghana,Monday Special,2025-09-01,81-84-50-10-41,31-27-37-43-40
ghana,Monday Special,2025-09-08,13-36-81-59-26,65-77-12-14-47
ghana,Monday Special,2025-09-15,33-90-34-03-73,31-75-40-48-71
ghana,Monday Special,2025-09-22,01-15-38-46-27,67-60-42-37-68
ghana,Monday Special,2025-09-29,19-67-08-37-49,35-72-79-73-74
ghana,Monday Special,2025-10-06,55-25-74-13-01,09-65-69-48-90
ghana,Monday Special,2025-10-13,38-69-28-87-31,37-89-55-10-79
ghana,Monday Special,2025-10-20,40-75-88-23-39,58-84-08-07-90
ghana,Monday Special,2025-10-27,58-89-12-76-16,61-02-06-65-41
ghana,Monday Special,2025-11-03,32-21-56-14-57,46-54-28-67-60
ghana,Monday Special,2025-11-10,50-62-88-09-24,29-39-85-75-36
ghana,Monday Special,2025-11-17,37-86-35-33-72,08-44-29-56-51
ghana,Monday Special,2025-11-24,48-29-87-79-63,17-21-62-52-05
ghana,Monday Special,2025-12-01,11-09-27-55-32,67-42-57-46-75
ghana,Monday Special,2025-12-08,38-42-50-78-46,82-41-02-83-74
ghana,Monday Special,2025-12-15,30-22-61-51-17,65-88-87-21-83
ghana,Monday Special,2025-12-22,23-33-07-77-08,55-48-67-16-62
ghana,Monday Special,2025-12-29,01-06-69-82-55,64-31-16-63-52
ghana,Monday Special,2026-01-05,25-20-40-79-43,31-82-32-63-57
ghana,Monday Special,2026-01-12,12-26-40-47-44,71-73-14-45-31
ghana,Monday Special,2026-01-19,86-74-57-60-08,30-72-87-46-31
ghana,Monday Special,2026-01-26,46-66-07-02-73,37-70-85-62-32
ghana,Monday Special,2026-02-02,43-51-25-04-35,71-10-67-76-63
ghana,Monday Special,2026-02-09,74-62-20-07-71,50-46-47-60-37
ghana,Monday Special,2026-02-16,34-05-22-69-72,57-73-13-74-88
ghana,Monday Special,2026-02-23,06-87-20-39-80,55-68-73-65-47
ghana,Monday Special,2026-03-02,86-58-49-45-55,74-54-64-47-77
ghana,Monday Special,2026-03-09,67-06-34-17-28,82-77-76-13-69
ghana,Monday Special,2026-03-16,23-30-17-85-22,31-90-38-86-43
ghana,Monday Special,2026-03-30,80-23-66-12-34,36-20-33-43-84
ghana,Monday Special,2026-04-13,52-01-26-66-72,81-38-56-41-80
ghana,Monday Special,2026-04-20,13-04-28-27-51,79-75-62-33-43
ghana,Monday Special,2026-04-27,69-74-01-31-02,50-54-40-43-79
ghana,Monday Special,2026-05-04,68-14-37-78-10,02-36-48-31-43
ghana,Monday Special,2026-05-11,50-86-01-33-56,75-30-62-73-31
ghana,Monday Special,2026-05-18,87-90-19-15-18,77-27-57-13-70
ghana,Monday Special,2026-05-25,86-04-24-32-60,27-22-20-79-69
ghana,Monday Special,2026-06-01,55-24-41-87-21,76-85-42-32-80
ghana,Monday Special,2026-06-08,14-24-53-65-12,27-62-75-39-16
ghana,Monday Special,2026-06-15,89-27-51-70-83,82-31-62-19-25
ghana,Monday Special,2026-06-22,43-32-45-77-11,85-14-13-29-40
ghana,Monday Special,2026-06-29,25-20-46-09-76,10-31-40-75-01
ghana,Monday Special,2026-07-06,06-81-44-67-73,20-61-12-70-58
ghana,Monday Special,2026-07-13,21-11-74-06-39,45-83-38-27-80
ghana,Monday Special,2026-07-20,57-06-86-42-07,08-54-48-68-40
ghana,Monday Special,2026-07-27,10-15-27-47-36,24-25-40-72-55
ghana,Monday Special,2026-08-03,29-37-66-21-72,79-46-17-54-31
ghana,Monday Special,2026-08-10,42-24-33-21-62,31-75-86-70-84
ghana,Monday Special,2026-08-17,36-50-57-42-61,82-01-33-19-07
ghana,Monday Special,2026-08-24,17-47-03-21-20,42-62-73-88-18
ghana,Monday Special,2026-08-31,06-58-62-04-20,74-53-55-39-79
ghana,Lucky Tuesday,2024-05-28,58-01-06-28-82,49-79-35-20-09
ghana,Lucky Tuesday,2024-06-04,72-23-49-70-78,61-55-45-19-73
ghana,Lucky Tuesday,2024-06-11,63-82-76-89-59,66-32-37-65-81
ghana,Lucky Tuesday,2024-06-18,66-85-47-65-13,29-69-35-15-30
ghana,Lucky Tuesday,2024-06-25,30-75-66-55-25,06-65-16-15-41
ghana,Lucky Tuesday,2024-07-02,69-75-86-32-31,59-39-65-19-07
ghana,Lucky Tuesday,2024-07-09,07-29-33-12-38,25-34-44-59-85
ghana,Lucky Tuesday,2024-07-16,50-41-16-28-61,05-18-31-14-09
ghana,Lucky Tuesday,2024-07-23,06-38-14-35-68,16-34-51-85-71
ghana,Lucky Tuesday,2024-07-30,79-69-41-84-25,31-26-13-81-71
ghana,Lucky Tuesday,2024-08-06,21-62-61-15-49,70-69-72-81-52
ghana,Lucky Tuesday,2024-08-13,31-01-59-16-77,89-03-22-72-84
ghana,Lucky Tuesday,2024-08-20,32-71-06-85-63,82-72-62-14-23
ghana,Lucky Tuesday,2024-08-27,75-50-78-22-16,30-62-49-73-76
ghana,Lucky Tuesday,2024-09-03,44-35-20-70-71,62-01-05-76-82
ghana,Lucky Tuesday,2024-09-10,17-47-13-41-21,50-57-14-62-81
ghana,Lucky Tuesday,2024-09-17,56-65-05-75-58,04-90-40-70-45
ghana,Lucky Tuesday,2024-09-24,53-73-60-85-04,86-61-14-49-78
ghana,Lucky Tuesday,2024-10-01,03-41-13-82-49,73-50-87-08-88
ghana,Lucky Tuesday,2024-10-08,57-15-03-35-26,04-27-61-81-63
ghana,Lucky Tuesday,2024-10-15,77-15-78-18-67,17-34-65-76-42
ghana,Lucky Tuesday,2024-10-22,21-42-62-22-16,09-58-53-03-41
ghana,Lucky Tuesday,2024-10-29,44-82-61-53-26,71-42-65-62-07
ghana,Lucky Tuesday,2024-11-05,08-23-38-69-64,31-53-65-66-04
ghana,Lucky Tuesday,2024-11-12,66-82-30-52-41,76-63-39-61-15
ghana,Lucky Tuesday,2024-11-19,77-63-40-82-42,23-26-60-49-22
ghana,Lucky Tuesday,2024-11-26,32-69-02-03-71,35-49-23-22-45
ghana,Lucky Tuesday,2024-12-03,47-43-21-70-82,30-68-40-14-27
ghana,Lucky Tuesday,2024-12-10,54-07-77-61-36,40-49-62-83-01
ghana,Lucky Tuesday,2024-12-17,03-33-34-13-90,05-25-43-60-42
ghana,Lucky Tuesday,2024-12-24,23-71-26-58-52,78-06-79-24-25
ghana,Lucky Tuesday,2024-12-31,86-07-34-25-31,37-24-89-10-20
ghana,Lucky Tuesday,2025-01-07,24-38-28-16-75,58-48-46-44-76
ghana,Lucky Tuesday,2025-01-14,85-28-81-72-21,61-74-03-39-40
ghana,Lucky Tuesday,2025-01-21,64-76-21-14-01,32-62-83-67-10
ghana,Lucky Tuesday,2025-01-28,11-80-58-69-60,48-68-17-26-77
ghana,Lucky Tuesday,2025-02-04,14-86-40-77-28,85-82-36-76-53
ghana,Lucky Tuesday,2025-02-11,29-59-22-02-25,56-79-09-18-12
ghana,Lucky Tuesday,2025-02-18,47-46-84-24-61,80-81-56-85-59
ghana,Lucky Tuesday,2025-02-25,62-29-84-28-26,61-54-46-08-24
ghana,Lucky Tuesday,2025-03-04,62-65-69-46-48,70-06-27-86-55
ghana,Lucky Tuesday,2025-03-11,06-90-26-55-27,76-46-80-47-13
ghana,Lucky Tuesday,2025-03-18,38-34-86-25-23,85-82-90-04-51
ghana,Lucky Tuesday,2025-03-25,21-67-51-86-75,37-03-18-58-29
ghana,Lucky Tuesday,2025-04-01,47-68-90-35-46,82-69-75-65-80
ghana,Lucky Tuesday,2025-04-08,43-45-51-44-19,54-42-12-72-26
ghana,Lucky Tuesday,2025-04-15,15-89-68-75-58,73-49-60-57-54
ghana,Lucky Tuesday,2025-04-22,71-18-76-81-33,57-38-56-40-74
ghana,Lucky Tuesday,2025-04-29,90-34-13-63-04,20-41-03-43-83
ghana,Lucky Tuesday,2025-05-06,74-26-42-08-28,37-21-48-20-19
ghana,Lucky Tuesday,2025-05-13,69-31-49-10-08,02-33-89-46-50
ghana,Lucky Tuesday,2025-05-20,11-36-14-07-64,37-73-30-54-04
ghana,Lucky Tuesday,2025-05-27,28-22-66-26-16,42-67-17-80-05
ghana,Lucky Tuesday,2025-06-03,47-79-05-09-51,49-75-30-81-56
ghana,Lucky Tuesday,2025-06-10,10-56-84-68-42,29-13-01-53-90
ghana,Lucky Tuesday,2025-06-17,68-21-18-90-11,40-14-22-86-47
ghana,Lucky Tuesday,2025-06-24,53-79-60-03-73,50-52-09-37-70
ghana,Lucky Tuesday,2025-07-01,18-57-16-26-60,81-70-72-14-75
ghana,Lucky Tuesday,2025-07-08,51-66-74-62-06,36-90-84-18-50
ghana,Lucky Tuesday,2025-07-15,60-02-33-46-89,85-09-53-06-62
ghana,Lucky Tuesday,2025-07-22,43-44-36-75-88,73-80-62-51-67
ghana,Lucky Tuesday,2025-07-29,50-27-61-74-37,55-10-04-42-14
ghana,Lucky Tuesday,2025-08-05,28-54-72-76-89,62-04-79-85-11
ghana,Lucky Tuesday,2025-08-12,64-86-83-16-26,12-87-02-22-77
ghana,Lucky Tuesday,2025-08-19,01-88-71-66-03,54-48-50-07-26
ghana,Lucky Tuesday,2025-08-26,04-90-38-56-85,08-54-57-83-39
ghana,Lucky Tuesday,2025-09-02,57-50-21-89-46,11-19-73-80-01
ghana,Lucky Tuesday,2025-09-09,14-51-57-89-17,34-28-31-75-54
ghana,Lucky Tuesday,2025-09-16,49-87-61-22-34,10-08-67-02-16
ghana,Lucky Tuesday,2025-09-23,14-78-29-86-39,45-09-31-60-69
ghana,Lucky Tuesday,2025-09-30,11-69-64-35-78,38-37-88-31-08
ghana,Lucky Tuesday,2025-10-07,86-26-51-73-06,84-37-61-48-57
ghana,Lucky Tuesday,2025-10-14,38-63-18-76-85,01-22-67-66-03
ghana,Lucky Tuesday,2025-10-21,58-20-41-44-65,29-62-02-67-08
ghana,Lucky Tuesday,2025-10-28,29-64-36-67-04,18-24-75-78-66
ghana,Lucky Tuesday,2025-11-04,78-22-01-68-63,08-62-64-59-83
ghana,Lucky Tuesday,2025-11-11,33-30-59-75-86,44-85-17-40-38
ghana,Lucky Tuesday,2025-11-18,81-72-12-89-49,64-87-25-60-16
ghana,Lucky Tuesday,2025-11-25,81-67-88-02-04,61-74-69-32-26
ghana,Lucky Tuesday,2025-12-02,79-35-52-23-17,14-38-89-47-74
ghana,Lucky Tuesday,2025-12-09,51-07-03-23-21,59-90-74-69-77
ghana,Lucky Tuesday,2025-12-16,56-55-02-14-10,11-05-43-21-71
ghana,Lucky Tuesday,2025-12-23,30-54-72-19-71,28-07-77-42-63
ghana,Lucky Tuesday,2025-12-30,81-40-08-23-42,82-59-44-48-74
ghana,Lucky Tuesday,2026-01-06,85-07-05-81-56,20-87-23-35-64
ghana,Lucky Tuesday,2026-01-13,31-03-70-43-58,78-36-76-11-52
ghana,Lucky Tuesday,2026-01-20,21-17-11-76-86,23-19-38-79-26
ghana,Lucky Tuesday,2026-01-27,14-87-13-64-33,89-32-17-71-66
ghana,Lucky Tuesday,2026-02-03,23-75-63-43-37,67-53-66-14-76
ghana,Lucky Tuesday,2026-02-10,74-57-03-75-60,19-64-76-15-70
ghana,Lucky Tuesday,2026-02-17,61-64-48-59-79,84-69-12-27-17
ghana,Lucky Tuesday,2026-02-24,40-07-88-75-53,58-63-02-71-65
ghana,Lucky Tuesday,2026-03-03,55-26-36-72-14,13-03-57-07-77
ghana,Lucky Tuesday,2026-03-10,14-48-27-64-15,89-71-31-21-36
ghana,Lucky Tuesday,2026-03-17,62-25-08-10-34,61-16-01-03-40
ghana,Lucky Tuesday,2026-03-24,58-70-52-87-16,78-88-12-46-34
ghana,Lucky Tuesday,2026-03-31,53-69-35-18-03,24-39-77-23-10
ghana,Lucky Tuesday,2026-04-07,04-71-25-55-12,51-73-02-54-63
ghana,Lucky Tuesday,2026-04-14,18-55-81-14-82,20-86-45-38-80
ghana,Lucky Tuesday,2026-04-21,21-31-85-28-35,84-49-34-54-79
ghana,Lucky Tuesday,2026-04-28,73-22-52-05-62,57-30-86-19-61
ghana,Lucky Tuesday,2026-05-05,11-68-38-22-14,62-41-10-53-86
ghana,Lucky Tuesday,2026-05-12,77-64-17-67-63,30-47-32-24-19
ghana,Lucky Tuesday,2026-05-19,03-64-63-90-73,65-71-45-21-78
ghana,Lucky Tuesday,2026-05-26,12-32-01-45-11,37-40-38-27-33
ghana,Lucky Tuesday,2026-06-02,41-53-28-20-48,80-35-66-50-65
ghana,Lucky Tuesday,2026-06-09,30-72-78-71-15,49-14-83-57-81
ghana,Lucky Tuesday,2026-06-16,79-69-41-58-80,36-21-77-89-06
ghana,Lucky Tuesday,2026-06-23,02-06-79-35-13,58-16-45-21-71
ghana,Lucky Tuesday,2026-06-30,58-44-64-73-87,16-38-15-62-68
ghana,Lucky Tuesday,2026-07-07,85-21-15-32-58,24-60-54-25-61
ghana,Lucky Tuesday,2026-07-14,39-43-61-45-81,58-08-24-31-16
ghana,Lucky Tuesday,2026-07-21,80-23-31-65-82,55-15-53-02-88
ghana,Lucky Tuesday,2026-07-28,58-10-60-01-62,25-54-37-27-55
ghana,Lucky Tuesday,2026-08-04,80-62-23-29-16,45-19-28-61-47
ghana,Lucky Tuesday,2026-08-11,39-01-10-49-89,60-50-72-15-11
ghana,Lucky Tuesday,2026-08-18,77-88-23-13-67,76-29-21-31-45
ghana,Lucky Tuesday,2026-08-25,58-73-84-52-53,45-21-55-79-89
ghana,Lucky Tuesday,2026-09-01,20-30-33-04-65,64-71-48-78-47
ghana,Thursday Fortune,2024-08-29,38-19-45-52-40,67-69-01-35-27
ghana,Thursday Fortune,2024-09-05,17-47-88-69-34,39-73-46-89-70
ghana,Thursday Fortune,2024-09-12,16-84-41-65-79,02-85-82-64-17
ghana,Thursday Fortune,2024-09-19,80-86-16-74-75,08-73-36-21-72
ghana,Thursday Fortune,2024-09-26,71-59-46-37-72,58-12-15-31-52
ghana,Thursday Fortune,2024-10-03,25-21-38-73-76,28-14-63-65-08
ghana,Thursday Fortune,2024-10-10,29-03-64-46-75,47-30-43-59-20
ghana,Thursday Fortune,2024-10-17,77-02-75-63-60,22-09-01-18-68
ghana,Thursday Fortune,2024-10-24,53-39-58-42-23,50-49-83-87-85
ghana,Thursday Fortune,2024-10-31,15-29-88-24-12,30-56-70-11-18
ghana,Thursday Fortune,2024-11-07,28-65-34-19-75,31-48-12-14-45
ghana,Thursday Fortune,2024-11-14,85-82-14-54-34,70-72-80-20-75
ghana,Thursday Fortune,2024-11-21,11-42-45-37-61,40-63-64-90-04
ghana,Thursday Fortune,2024-11-28,41-52-36-40-34,65-56-07-33-63
ghana,Thursday Fortune,2024-12-05,06-67-90-79-24,76-03-89-34-31
ghana,Thursday Fortune,2024-12-12,12-39-47-40-18,76-43-88-41-71
ghana,Thursday Fortune,2024-12-19,16-07-41-13-03,86-69-85-83-34
ghana,Thursday Fortune,2024-12-27,11-60-52-80-05,24-26-06-43-17
ghana,Thursday Fortune,2025-01-02,23-09-63-18-19,33-25-77-49-34
ghana,Thursday Fortune,2025-01-09,85-73-69-32-06,67-38-75-09-33
ghana,Thursday Fortune,2025-01-16,89-16-06-90-53,49-20-10-42-61
ghana,Thursday Fortune,2025-01-23,05-83-88-61-10,80-23-29-60-02
ghana,Thursday Fortune,2025-01-30,24-67-66-40-84,85-43-04-88-25
ghana,Thursday Fortune,2025-02-06,53-56-82-44-04,49-33-11-17-69
ghana,Thursday Fortune,2025-02-13,14-41-16-76-49,24-86-47-04-19
ghana,Thursday Fortune,2025-02-20,11-88-71-35-82,10-78-86-66-81
ghana,Thursday Fortune,2025-02-27,64-33-42-45-10,50-25-27-84-61
ghana,Thursday Fortune,2025-03-07,42-33-51-77-36,29-60-05-41-88
ghana,Thursday Fortune,2025-03-13,32-78-35-22-89,76-57-26-27-81
ghana,Thursday Fortune,2025-03-20,35-17-20-57-37,67-23-40-74-03
ghana,Thursday Fortune,2025-03-27,02-62-53-06-55,19-74-16-41-87
ghana,Thursday Fortune,2025-04-03,77-32-51-31-29,30-10-28-17-06
ghana,Thursday Fortune,2025-04-10,64-32-37-61-62,13-50-69-39-90
ghana,Thursday Fortune,2025-04-17,02-69-16-36-14,01-28-10-21-89
ghana,Thursday Fortune,2025-04-24,84-36-39-53-69,88-83-16-20-81
ghana,Thursday Fortune,2025-05-02,50-07-27-21-20,88-87-84-42-53
ghana,Thursday Fortune,2025-05-08,65-66-49-75-33,46-11-79-73-48
ghana,Thursday Fortune,2025-05-15,04-15-44-09-56,12-25-05-30-78
ghana,Thursday Fortune,2025-05-22,34-79-74-51-06,50-46-62-02-09
ghana,Thursday Fortune,2025-05-29,37-65-85-89-36,02-15-40-66-63
ghana,Thursday Fortune,2025-06-05,34-02-37-16-82,48-60-31-90-35
ghana,Thursday Fortune,2025-06-12,05-31-48-02-52,82-56-36-39-60
ghana,Thursday Fortune,2025-06-19,28-02-12-53-69,40-48-06-63-85
ghana,Thursday Fortune,2025-06-26,22-68-53-39-86,52-75-70-20-03
ghana,Thursday Fortune,2025-07-03,06-53-10-38-63,51-62-03-55-22
ghana,Thursday Fortune,2025-07-10,67-29-53-44-90,60-07-43-13-24
ghana,Thursday Fortune,2025-07-17,02-51-67-83-18,43-35-17-32-34
ghana,Thursday Fortune,2025-07-24,82-10-58-83-21,60-90-71-46-41
ghana,Thursday Fortune,2025-07-31,67-46-66-09-64,89-50-26-10-85
ghana,Thursday Fortune,2025-08-07,02-33-29-78-15,20-43-21-44-64
ghana,Thursday Fortune,2025-08-14,78-03-82-29-22,44-10-68-87-67
ghana,Thursday Fortune,2025-08-21,44-70-05-09-25,13-77-51-27-22
ghana,Thursday Fortune,2025-08-28,40-56-35-57-59,82-75-12-41-89
ghana,Thursday Fortune,2025-09-04,62-19-46-12-43,77-35-55-23-63
ghana,Thursday Fortune,2025-09-11,72-44-76-60-30,65-83-18-56-24
ghana,Thursday Fortune,2025-09-18,30-59-55-75-34,27-13-06-54-50
ghana,Thursday Fortune,2025-09-25,89-62-72-06-04,34-43-14-83-84
ghana,Thursday Fortune,2025-10-02,38-57-69-47-02,59-83-53-67-45
ghana,Thursday Fortune,2025-10-09,15-44-39-31-89,07-47-52-02-56
ghana,Thursday Fortune,2025-10-16,73-44-06-81-62,65-19-82-09-60
ghana,Thursday Fortune,2025-10-23,17-19-68-03-84,62-05-42-16-74
ghana,Thursday Fortune,2025-10-30,45-06-71-12-13,49-42-05-48-07
ghana,Thursday Fortune,2025-11-06,32-31-46-65-17,37-72-57-56-03
ghana,Thursday Fortune,2025-11-13,02-50-81-56-15,90-48-20-69-59
ghana,Thursday Fortune,2025-11-20,46-26-04-27-35,51-67-42-37-16
ghana,Thursday Fortune,2025-11-27,41-33-26-88-14,28-73-18-65-37
ghana,Thursday Fortune,2025-12-04,55-48-13-66-03,69-40-08-68-26
ghana,Thursday Fortune,2025-12-11,29-85-75-16-05,87-79-11-23-77
ghana,Thursday Fortune,2025-12-18,01-02-75-39-16,31-48-83-40-80
ghana,Thursday Fortune,2026-01-08,38-05-64-88-41,49-54-35-53-55
ghana,Thursday Fortune,2026-01-15,69-53-07-58-88,19-13-20-71-15
ghana,Thursday Fortune,2026-01-22,60-82-89-80-84,88-19-36-25-46
ghana,Thursday Fortune,2026-01-29,75-10-34-41-13,59-71-62-45-83
ghana,Thursday Fortune,2026-02-05,47-05-45-66-15,29-14-12-61-25
ghana,Thursday Fortune,2026-02-12,86-35-70-34-77,51-31-09-26-72
ghana,Thursday Fortune,2026-02-19,75-04-46-12-02,42-20-67-70-23
ghana,Thursday Fortune,2026-02-26,54-73-63-26-37,52-46-19-06-33
ghana,Thursday Fortune,2026-03-05,22-13-86-53-57,55-08-25-46-83
ghana,Thursday Fortune,2026-03-12,29-40-44-22-84,25-67-57-12-16
ghana,Thursday Fortune,2026-03-19,49-77-80-81-65,53-12-19-59-55
ghana,Thursday Fortune,2026-03-26,62-82-55-26-35,30-76-33-01-54
ghana,Thursday Fortune,2026-04-02,14-04-63-30-19,76-12-69-71-23
ghana,Thursday Fortune,2026-04-09,71-50-27-39-20,54-06-77-53-34
ghana,Thursday Fortune,2026-04-16,08-72-01-41-19,42-71-82-45-12
ghana,Thursday Fortune,2026-04-23,18-27-06-24-55,70-68-25-15-66
ghana,Thursday Fortune,2026-04-30,63-25-61-22-28,38-08-62-80-34
ghana,Thursday Fortune,2026-05-07,36-03-65-84-15,42-82-38-87-17
ghana,Thursday Fortune,2026-05-14,33-78-47-28-24,38-83-44-51-48
ghana,Thursday Fortune,2026-05-22,03-17-19-11-77,56-33-09-67-68
ghana,Thursday Fortune,2026-05-28,71-05-29-51-70,12-73-45-42-21
ghana,Thursday Fortune,2026-06-04,04-86-27-64-56,26-58-88-20-25
ghana,Thursday Fortune,2026-06-11,14-01-85-83-87,34-76-86-29-62
ghana,Thursday Fortune,2026-06-18,12-71-82-86-67,31-70-88-68-15
ghana,Thursday Fortune,2026-06-25,17-70-16-85-47,41-81-13-10-49
ghana,Thursday Fortune,2026-07-02,68-41-44-19-09,82-35-17-14-28
ghana,Thursday Fortune,2026-07-09,55-90-63-43-78,39-49-08-34-46
ghana,Thursday Fortune,2026-07-16,36-06-16-27-81,48-58-62-46-66
ghana,Thursday Fortune,2026-07-23,21-69-28-89-41,07-06-42-08-90
ghana,Thursday Fortune,2026-07-30,14-49-02-03-51,47-18-07-79-58
ghana,Thursday Fortune,2026-08-06,85-01-36-65-34,02-29-28-10-24
ghana,Thursday Fortune,2026-08-13,68-46-24-85-63,42-03-90-88-20
ghana,Thursday Fortune,2026-08-20,47-80-88-81-07,18-75-43-06-70
ghana,Thursday Fortune,2026-08-27,03-10-08-37-81,69-49-88-85-31
ghana,Thursday Fortune,2026-09-03,51-07-88-50-15,58-54-48-25-55
ghana,Friday Bonanza,2024-06-14,15-58-16-34-22,01-67-12-59-57
ghana,Friday Bonanza,2024-06-21,90-04-07-82-81,80-48-17-58-20
ghana,Friday Bonanza,2024-06-28,12-42-39-82-68,69-88-45-46-62
ghana,Friday Bonanza,2024-07-05,59-65-34-70-14,46-64-26-25-66
ghana,Friday Bonanza,2024-07-12,88-67-32-74-77,44-28-01-24-46
ghana,Friday Bonanza,2024-07-19,08-68-18-73-20,34-03-46-39-33
ghana,Friday Bonanza,2024-07-26,51-89-76-55-58,48-35-71-43-12
ghana,Friday Bonanza,2024-08-02,72-37-52-85-76,82-54-16-39-48
ghana,Friday Bonanza,2024-08-09,82-78-65-38-79,16-63-13-40-41
ghana,Friday Bonanza,2024-08-16,58-33-77-50-39,02-09-40-73-81
ghana,Friday Bonanza,2024-08-23,70-77-25-16-22,60-80-88-20-55
ghana,Friday Bonanza,2024-08-30,02-65-64-61-83,72-15-22-05-62
ghana,Friday Bonanza,2024-09-06,69-67-38-81-13,63-73-22-37-65
ghana,Friday Bonanza,2024-09-13,51-16-40-52-62,11-76-48-30-70
ghana,Friday Bonanza,2024-09-20,63-15-05-02-37,80-25-88-33-13
ghana,Friday Bonanza,2024-09-27,76-67-36-78-43,59-15-83-77-75
ghana,Friday Bonanza,2024-10-04,81-54-43-30-09,07-05-39-89-83
ghana,Friday Bonanza,2024-10-11,28-16-82-87-18,66-35-36-47-55
ghana,Friday Bonanza,2024-10-18,44-54-21-32-67,66-07-31-90-42
ghana,Friday Bonanza,2024-10-25,51-32-76-44-64,65-63-78-45-83
ghana,Friday Bonanza,2024-11-01,33-17-74-42-63,81-69-09-08-51
ghana,Friday Bonanza,2024-11-08,67-54-70-06-28,84-17-26-83-89
ghana,Friday Bonanza,2024-11-15,27-58-53-82-71,52-69-04-42-15
ghana,Friday Bonanza,2024-11-22,89-76-54-75-10,59-19-58-51-87
ghana,Friday Bonanza,2024-11-29,28-78-82-14-33,31-46-06-20-27
ghana,Friday Bonanza,2024-12-06,79-29-48-13-47,39-86-68-25-52
ghana,Friday Bonanza,2024-12-13,16-70-85-60-09,22-56-67-29-54
ghana,Friday Bonanza,2024-12-20,41-45-12-43-61,82-80-18-15-29
ghana,Friday Bonanza,2024-12-27,53-86-32-77-55,36-47-05-70-40
ghana,Friday Bonanza,2025-01-03,36-58-56-69-06,77-42-32-14-61
ghana,Friday Bonanza,2025-01-10,66-64-41-71-70,27-44-05-51-61
ghana,Friday Bonanza,2025-01-17,13-17-50-25-43,70-63-18-86-79
ghana,Friday Bonanza,2025-01-24,62-56-67-17-86,22-07-42-09-30
ghana,Friday Bonanza,2025-01-31,54-83-25-02-43,40-51-08-49-48
ghana,Friday Bonanza,2025-02-07,54-45-46-57-69,27-32-63-86-29
ghana,Friday Bonanza,2025-02-14,20-70-21-58-12,53-25-81-82-10
ghana,Friday Bonanza,2025-02-21,84-67-64-42-57,25-80-08-53-89
ghana,Friday Bonanza,2025-02-28,01-60-69-77-31,22-02-14-66-64
ghana,Friday Bonanza,2025-03-07,32-70-46-67-63,37-50-76-40-43
ghana,Friday Bonanza,2025-03-14,61-81-82-27-89,37-84-01-90-14
ghana,Friday Bonanza,2025-03-21,75-27-23-19-61,01-68-38-41-82
ghana,Friday Bonanza,2025-03-28,74-29-39-66-65,27-56-07-06-08
ghana,Friday Bonanza,2025-04-04,54-40-50-85-68,43-73-39-04-55
ghana,Friday Bonanza,2025-04-11,39-70-76-69-14,16-72-27-62-58
ghana,Friday Bonanza,2025-04-25,49-76-43-05-20,46-03-01-34-73
ghana,Friday Bonanza,2025-05-02,55-20-85-39-76,24-87-54-74-06
ghana,Friday Bonanza,2025-05-09,14-21-88-72-31,73-57-27-19-67
ghana,Friday Bonanza,2025-05-16,73-45-52-58-41,56-30-71-38-68
ghana,Friday Bonanza,2025-05-23,06-50-62-52-80,44-71-03-55-54
ghana,Friday Bonanza,2025-05-30,88-20-89-50-40,33-47-06-46-70
ghana,Friday Bonanza,2025-06-06,62-27-61-48-68,13-73-64-35-29
ghana,Friday Bonanza,2025-06-13,52-87-64-18-86,70-54-58-90-75
ghana,Friday Bonanza,2025-06-20,38-42-69-86-08,59-28-53-11-33
ghana,Friday Bonanza,2025-06-27,65-23-85-60-76,52-08-40-51-81
ghana,Friday Bonanza,2025-07-04,68-62-36-56-58,32-46-48-83-55
ghana,Friday Bonanza,2025-07-11,39-25-09-80-41,26-51-89-76-36
ghana,Friday Bonanza,2025-07-18,86-35-47-07-74,55-45-77-83-63
ghana,Friday Bonanza,2025-07-25,14-80-19-41-79,35-03-43-15-74
ghana,Friday Bonanza,2025-08-01,56-26-71-33-35,27-41-82-20-88
ghana,Friday Bonanza,2025-08-08,76-07-55-72-15,22-89-65-44-27
ghana,Friday Bonanza,2025-08-15,55-20-30-54-24,81-60-39-52-40
ghana,Friday Bonanza,2025-08-22,29-28-48-64-31,41-68-78-53-71
ghana,Friday Bonanza,2025-08-29,13-63-60-23-67,32-43-68-82-15
ghana,Friday Bonanza,2025-09-05,57-03-60-71-17,85-30-46-35-59
ghana,Friday Bonanza,2025-09-12,38-58-90-57-86,62-59-46-71-15
ghana,Friday Bonanza,2025-09-19,88-69-39-33-25,05-13-18-43-41
ghana,Friday Bonanza,2025-09-26,56-28-21-19-85,66-53-64-34-78
ghana,Friday Bonanza,2025-10-03,43-62-02-90-66,27-82-81-17-80
ghana,Friday Bonanza,2025-10-10,73-63-68-29-35,37-61-89-71-24
ghana,Friday Bonanza,2025-10-17,18-80-41-67-22,23-55-52-88-89
ghana,Friday Bonanza,2025-10-24,86-79-35-30-65,39-33-75-66-68
ghana,Friday Bonanza,2025-10-31,24-62-80-17-64,16-74-37-31-53
ghana,Friday Bonanza,2025-11-07,46-60-01-17-64,16-19-31-18-36
ghana,Friday Bonanza,2025-11-14,90-79-88-80-68,63-82-70-28-50
ghana,Friday Bonanza,2025-11-21,81-60-33-08-76,18-44-87-73-88
ghana,Friday Bonanza,2025-11-28,79-04-49-75-78,48-51-26-31-07
ghana,Friday Bonanza,2025-12-05,10-57-09-40-50,54-05-69-38-80
ghana,Friday Bonanza,2025-12-12,58-54-53-82-56,61-02-36-27-49
ghana,Friday Bonanza,2025-12-19,57-26-63-25-20,75-72-61-10-78
ghana,Friday Bonanza,2026-01-02,46-48-44-01-73,29-78-21-68-35
ghana,Friday Bonanza,2026-01-16,15-49-07-70-66,68-42-74-22-40
ghana,Friday Bonanza,2026-01-23,08-04-54-48-01,68-62-41-60-44
ghana,Friday Bonanza,2026-01-30,09-40-34-26-07,70-75-63-58-89
ghana,Friday Bonanza,2026-02-06,87-22-07-16-41,64-52-85-70-88
ghana,Friday Bonanza,2026-02-13,77-55-60-85-01,44-63-48-80-38
ghana,Friday Bonanza,2026-02-20,42-82-11-25-55,75-18-70-79-60
ghana,Friday Bonanza,2026-02-27,12-46-08-84-15,59-74-67-80-52
ghana,Friday Bonanza,2026-03-13,18-77-83-17-21,08-71-69-50-63
ghana,Friday Bonanza,2026-03-27,43-33-23-11-09,72-84-42-51-74
ghana,Friday Bonanza,2026-04-10,16-40-37-06-04,71-83-34-11-75
ghana,Friday Bonanza,2026-04-17,41-65-87-85-06,05-11-54-79-47
ghana,Friday Bonanza,2026-04-24,52-39-30-50-88,40-42-06-58-44
ghana,Friday Bonanza,2026-05-08,03-71-69-32-02,22-75-60-82-14
ghana,Friday Bonanza,2026-05-15,50-35-75-41-76,68-43-08-18-57
ghana,Friday Bonanza,2026-05-22,23-69-63-13-31,47-73-88- 61-54
ghana,Friday Bonanza,2026-05-29,33-79-35-58-68,34-15-41-42-61
ghana,Friday Bonanza,2026-06-05,40-27-58-07-51,15-75-69-73-47
ghana,Friday Bonanza,2026-06-12,05-24-85-52-74,81-70-53-69-67
ghana,Friday Bonanza,2026-06-19,31-42-65-21-46,54-57-77-52-50
ghana,Friday Bonanza,2026-06-26,03-04-06-43-02,41-68-40-55-36
ghana,Friday Bonanza,2026-07-10,22-30-40-72-65,29-63-75-83-44
ghana,Friday Bonanza,2026-07-17,89-20-74-13-18,64-53-65-35-62
ghana,Friday Bonanza,2026-07-24,77-84-70-19-44,06-58-59-23-88
ghana,Friday Bonanza,2026-07-31,68-88-31-86-66,85-41-76-42-47
ghana,Friday Bonanza,2026-08-07,43-66-20-48-52,62-34-47-27-55
ghana,Friday Bonanza,2026-08-14,39-07-45-87-01,73-68-53-77-35
ghana,Friday Bonanza,2026-08-21,28-01-26-22-77,68-65-62-47-66
ghana,Friday Bonanza,2026-08-28,85-42-45-23-15,29-27-30-08-43
ghana,Friday Bonanza,2026-09-04,30-68-25-24-76,71-75-52-10-50
ghana,Mid Week,2024-04-24,76-20-57-71-44,55-66-02-41-54
ghana,Mid Week,2024-05-02,29-14-31-24-17,70-37-67-86-80
ghana,Mid Week,2024-05-08,51-77-46-87-47,44-50-05-78-45
ghana,Mid Week,2024-05-15,20-47-23-66-71,79-74-01-69-44
ghana,Mid Week,2024-05-22,84-23-17-65-71,73-02-49-81-88
ghana,Mid Week,2024-05-29,22-72-61-01-34,43-49-29-35-60
ghana,Mid Week,2024-06-05,09-39-87-28-59,50-90-65-36-62
ghana,Mid Week,2024-06-12,35-56-42-40-82,62-06-03-68-28
ghana,Mid Week,2024-06-19,83-57-11-44-23,55-68-78-86-82
ghana,Mid Week,2024-06-26,56-50-57-48-79,52-03-16-60-29
ghana,Mid Week,2024-07-03,52-10-82-24-04,74-03-05-64-68
ghana,Mid Week,2024-07-10,32-73-07-33-26,60-70-22-19-85
ghana,Mid Week,2024-07-17,14-03-34-81-08,66-70-45-64-79
ghana,Mid Week,2024-07-24,74-71-66-45-04,37-36-73-72-65
ghana,Mid Week,2024-07-31,09-81-08-60-64,48-88-49-79-90
ghana,Mid Week,2024-08-07,24-74-61-10-50,29-57-44-20-58
ghana,Mid Week,2024-08-14,38-54-55-07-15,25-80-56-81-78
ghana,Mid Week,2024-08-21,36-78-69-89-25,23-15-30-52-74
ghana,Mid Week,2024-08-28,03-73-76-40-84,01-78-53-59-32
ghana,Mid Week,2024-09-04,11-46-36-83-52,49-81-34-67-72
ghana,Mid Week,2024-09-11,13-29-81-44-08,55-25-35-02-22
ghana,Mid Week,2024-09-18,58-26-12-61-41,83-56-19-43-45
ghana,Mid Week,2024-09-25,29-59-89-71-41,81-09-67-53-19
ghana,Mid Week,2024-10-02,26-05-84-25-36,01-32-06-40-70
ghana,Mid Week,2024-10-09,42-47-39-45-41,17-36-68-28-78
ghana,Mid Week,2024-10-16,10-60-87-73-71,14-19-68-49-44
ghana,Mid Week,2024-10-23,88-17-55-68-50,48-74-53-47-37
ghana,Mid Week,2024-10-30,83-87-63-45-29,84-34-74-28-39
ghana,Mid Week,2024-11-06,88-27-44-53-23,68-78-70-59-80
ghana,Mid Week,2024-11-13,68-87-64-35-06,80-26-53-66-76
ghana,Mid Week,2024-11-20,73-30-01-56-50,33-74-64-81-05
ghana,Mid Week,2024-11-27,09-41-10-90-52,81-53-87-63-65
ghana,Mid Week,2024-12-04,53-30-88-12-41,37-11-77-38-83
ghana,Mid Week,2024-12-11,50-09-44-31-58,24-36-77-54-38
ghana,Mid Week,2024-12-18,05-37-90-48-87,55-24-86-51-70
ghana,Mid Week,2025-01-02,31-74-09-77-85,75-54-06-70-78
ghana,Mid Week,2025-01-08,19-72-76-55-58,24-71-08-01-89
ghana,Mid Week,2025-01-15,17-27-22-01-50,40-47-14-78-43
ghana,Mid Week,2025-01-22,44-68-24-36-87,48-49-28-35-53
ghana,Mid Week,2025-01-29,10-37-01-89-79,14-27-41-90-13
ghana,Mid Week,2025-02-05,13-26-27-79-51,81-69-61-73-62
ghana,Mid Week,2025-02-12,24-79-89-47-86,80-27-48-33-36
ghana,Mid Week,2025-02-19,86-60-26-04-38,54-64-43-65-75
ghana,Mid Week,2025-02-26,23-66-79-05-07,24-82-54-36-74
ghana,Mid Week,2025-03-05,32-72-89-52-17,57-77-71-19-64
ghana,Mid Week,2025-03-12,10-79-54-11-06,42-48-82-89-71
ghana,Mid Week,2025-03-19,31-87-80-10-16,44-89-67-42-68
ghana,Mid Week,2025-03-26,04-82-73-32-89,31-18-43-65-54
ghana,Mid Week,2025-04-02,69-09-40-22-85,33-53-42-01-57
ghana,Mid Week,2025-04-09,45-74-89-76-17,11-01-82-65-40
ghana,Mid Week,2025-04-16,29-71-05-36-57,31-53-12-90-55
ghana,Mid Week,2025-04-23,23-35-33-13-36,56-46-44-68-17
ghana,Mid Week,2025-04-30,33-88-57-76-45,64-79-24-26-71
ghana,Mid Week,2025-05-07,12-32-31-66-90,44-63-71-50-73
ghana,Mid Week,2025-05-14,41-70-86-81-18,44-61-68-34-87
ghana,Mid Week,2025-05-21,72-47-35-55-31,48-46-30-43-69
ghana,Mid Week,2025-05-28,66-74-83-23-44,51-47-31-80-73
ghana,Mid Week,2025-06-04,38-28-57-50-11,29-41-52-90-46
ghana,Mid Week,2025-06-11,60-89-12-81-41,51-64-79-54-50
ghana,Mid Week,2025-06-18,55-77-76-44-65,74-34-90-09-15
ghana,Mid Week,2025-06-25,22-84-02-33-56,39-81-34-72-61
ghana,Mid Week,2025-07-02,82-72-64-14-57,77-38-78-22-65
ghana,Mid Week,2025-07-09,31-43-16-03-79,17-57-54-86-72
ghana,Mid Week,2025-07-16,48-55-41-69-32,25-77-39-03-81
ghana,Mid Week,2025-07-23,85-30-04-17-87,03-64-81-32-27
ghana,Mid Week,2025-07-30,08-44-75-40-21,03-37-17-85-73
ghana,Mid Week,2025-08-06,70-51-52-05-88,40-60-85-08-67
ghana,Mid Week,2025-08-13,76-39-01-83-29,08-54-68-18-24
ghana,Mid Week,2025-08-20,68-45-43-40-15,14-03-82-44-83
ghana,Mid Week,2025-08-27,84-14-18-10-89,23-62-55-77-82
ghana,Mid Week,2025-09-03,58-84-18-57-07,87-27-09-08-62
ghana,Mid Week,2025-09-10,23-32-19-70-30,74-69-55-45-89
ghana,Mid Week,2025-09-17,68-63-16-34-85,67-57-45-84-49
ghana,Mid Week,2025-09-24,49-46-45-09-38,73-43-62-53-31
ghana,Mid Week,2025-10-01,82-15-55-67-47,62-30-32-44-84
ghana,Mid Week,2025-10-08,01-02-60-74-15,16-52-47-34-86
ghana,Mid Week,2025-10-15,84-85-20-33-36,48-54-76-41-66
ghana,Mid Week,2025-10-22,83-21-79-88-84,90-39-08-29-61
ghana,Mid Week,2025-10-29,43-04-21-33-46,73-81-67-14-48
ghana,Mid Week,2025-11-05,78-61-10-18-40,25-80-03-50-34
ghana,Mid Week,2025-11-12,76-74-57-48-67,35-84-30-18-90
ghana,Mid Week,2025-11-19,17-53-60-24-09,83-80-33-50-78
ghana,Mid Week,2025-11-26,24-64-79-70-17,57-89-74-42-26
ghana,Mid Week,2025-12-03,89-22-67-62-53,56-28-68-15-69
ghana,Mid Week,2025-12-10,06-80-86-82-45,30-18-08-79-03
ghana,Mid Week,2025-12-17,13-59-71-90-82,32-19-74-54-56
ghana,Mid Week,2025-12-24,38-24-70-49-73,25-65-01-33-76
ghana,Mid Week,2025-12-31,01-88-66-22-20,21-57-03-67-40
ghana,Mid Week,2026-01-07,18-37-60-49-46,66-79-40-25-82
ghana,Mid Week,2026-01-14,76-10-51-45-63,22-28-66-87-38
ghana,Mid Week,2026-01-21,43-59-71-02-09,11-84-38-34-80
ghana,Mid Week,2026-01-28,20-40-36-48-56,16-82-01-32-02
ghana,Mid Week,2026-02-04,68-51-59-86-13,85-15-65-56-32
ghana,Mid Week,2026-02-11,68-79-82-07-73,36-37-31-32-80
ghana,Mid Week,2026-02-18,01-80-75-79-13,48-82-60-33-36
ghana,Mid Week,2026-02-25,15-39-11-03-44,78-43-47-60-90
ghana,Mid Week,2026-03-04,24-59-03-54-06,77-26-64-75-29
ghana,Mid Week,2026-03-11,36-65-32-80-46,71-68-26-87-88
ghana,Mid Week,2026-03-18,60-37-65-90-09,30-67-45-74-72
ghana,Mid Week,2026-03-25,24-19-07-56-29,74-45-83-01-36
ghana,Mid Week,2026-04-01,03-18-38-29-10,08-49-57-84-09
ghana,Mid Week,2026-04-08,25-54-29-33-69,11-32-38-15-81
ghana,Mid Week,2026-04-15,76-87-60-56-30,89-55-69-77-74
ghana,Mid Week,2026-04-22,06-76-85-37-33,28-77-72-15-50
ghana,Mid Week,2026-04-29,71-39-76-58-32,62-73-85-43-64
ghana,Mid Week,2026-05-06,73-69-07-09-82,34-17-61-27-11
ghana,Mid Week,2026-05-13,59-37-58-44-51,23-42-16-81-43
ghana,Mid Week,2026-05-20,80-05-66-40-35,15-83-67-70-50
ghana,Mid Week,2026-06-03,90-53-49-88-68,43-85-30-69-89
ghana,Mid Week,2026-06-10,08-35-33-87-74,45-80-17-78-52
ghana,Mid Week,2026-06-17,76-66-89-85-87,47-70-30-63-32
ghana,Mid Week,2026-06-24,02-77-21-76-67,57-29-24-27-55
ghana,Mid Week,2026-07-01,83-52-25-56-12,24-48-71-14-75
ghana,Mid Week,2026-07-08,22-71-69-16-38,82-21-37-74-66
ghana,Mid Week,2026-07-15,53-32-62-90-36,46-44-38-84-14
ghana,Mid Week,2026-07-22,16-06-44-26-17,11-32-68-65-74
ghana,Mid Week,2026-07-29,84-51-70-20-35,79-76-87-82-04
ghana,Mid Week,2026-08-05,75-59-23-36-55,70-31-09-20-69
ghana,Mid Week,2026-08-12,12-27-41-36-02,85-68-55-88-08
ghana,Mid Week,2026-08-19,18-54-70-32-60,26-78-61-69-15
ghana,Mid Week,2026-08-26,48-71-47-09-50,02-79-70-20-52
ghana,Mid Week,2026-09-02,23-89-44-68-61,42-67-08-27-52
